index,trace_input_length,trace_output_length,scheduled_arrival_s,actual_send_s,input_tokens,output_tokens,status,ttft_s,latency_s,error
0,1007,39,0.708,7.787,1009,39,200,2.154,7.075,
1,1444,38,22.154,36.243,1443,38,200,4.171,14.041,
2,1454,116,24.951,58.025,1454,116,200,1.677,33.065,
3,1337,100,36.127,62.238,1340,100,200,1.331,26.11,
4,890,8,56.173,59.77,894,8,200,2.059,3.597,
5,1292,16,84.52,89.856,1295,16,200,3.064,5.28,
6,990,20,95.385,99.946,994,20,200,2.132,4.557,
7,894,89,107.8,131.953,898,89,200,3.521,24.138,
8,899,32,108.148,117.121,903,32,200,3.361,8.971,
9,891,77,118.342,137.626,895,77,200,1.919,19.283,
10,1191,35,126.727,136.868,1193,35,200,2.598,10.14,
11,1522,96,161.151,184.288,1524,96,200,3.535,23.072,
12,901,102,175.404,193.605,908,102,200,2.205,18.2,
13,954,110,200.745,227.113,957,110,200,1.988,26.365,
14,893,22,210.992,223.415,897,22,200,2.15,12.423,
15,1930,18,214.48,224.487,1926,18,200,4.797,10.006,
16,909,52,248.734,257.087,911,52,200,1.899,8.305,
17,1443,14,279.622,284.985,1445,14,200,3.221,5.326,
18,913,23,288.107,298.614,918,23,200,1.882,10.491,
19,1621,91,289.919,313.335,1622,91,200,3.954,23.407,
20,1309,1,302.848,305.925,1312,1,200,3.075,3.075,
21,1057,61,315.181,325.55,1062,61,200,2.19,10.36,
22,969,115,341.816,362.042,973,115,200,2.047,20.224,
23,1056,13,358.184,363.029,1058,13,200,2.85,4.843,
